Name,Product Name,Description,Category,Type,Quantity,Estimated Cost,Total Cost,URL
"UHF Radiating Patch","Etched copper on Kapton flex top layer","UHF radiating element, 170.4 x 148.8 mm, zero-thickness PEC at Z = 3.5 mm, centred at Y = 0. Probe-fed 30 mm off centre. Formed in the flex artwork, not purchased.","electrical","other",1,0.00,0.00,"N/A - part of flex fabrication"
"UHF Probe Feed Via","Plated via through substrate","Probe transition from the UHF patch at Z = 3.5 mm to the ground reference at Z = 0, at (X = 30, Y = 0). Formed in the flex stackup, not purchased.","electrical","other",1,0.00,0.00,"N/A - part of flex fabrication"
"UHF Matching Pad Site","0402 pad cluster - 0 ohm series jumper populated, 2 shunt positions DNP","Three-position matching site for the 460 MHz feed. Series populated 0 ohm; shunt positions left empty until VNA trimming. Values determined empirically, not pre-calculated.","electrical","other",1,0.30,0.30,"N/A - see trim kit below"
"UHF Radio U.FL","Hirose U.FL-R-SMT-1(10)","Miniature surface-mount coaxial connector, UHF output to the handheld radio.","electrical","module",1,1.25,1.25,"https://www.digikey.com/en/products/detail/hirose-electric-co-ltd/U.FL-R-SMT-1-10/1126786"
"UHF Coax Pigtail","50 ohm ruggedized coax, U.FL plug to bulkhead","50 ohm coaxial pigtail routed along the helmet shell to the bulkhead connector. Length set at mechanical integration. Bulkhead type SMA vs TNC [TO BE CLARIFIED].","electrical","other",1,3.50,3.50,"N/A - connector type pending"
"L-Band Radiating Patch","Etched copper on Kapton flex top layer","L-band radiating element, 55.1 x 74 mm, zero-thickness PEC at Z = 3.5 mm, centred at Y = 250. Probe-fed 16 mm off centre. Formed in the flex artwork, not purchased.","electrical","other",1,0.00,0.00,"N/A - part of flex fabrication"
"L-Band Probe Feed Via","Plated via through substrate","Probe transition from the L-band patch at Z = 3.5 mm to the ground reference at Z = 0, at (X = 16, Y = 250). Formed in the flex stackup, not purchased.","electrical","other",1,0.00,0.00,"N/A - part of flex fabrication"
"L-Band Matching Pad Site","0402 pad cluster - 0 ohm series jumper populated, 2 shunt positions DNP","Three-position matching site for the 1364 MHz feed. Series populated 0 ohm; shunt positions left empty until VNA trimming.","electrical","other",1,0.30,0.30,"N/A - see trim kit below"
"L-Band Video U.FL","Hirose U.FL-R-SMT-1(10)","Miniature surface-mount coaxial connector, L-band output to the body-worn video system.","electrical","module",1,1.25,1.25,"https://www.digikey.com/en/products/detail/hirose-electric-co-ltd/U.FL-R-SMT-1-10/1126786"
"L-Band Coax Pigtail","50 ohm ruggedized coax, U.FL plug to bulkhead","50 ohm coaxial pigtail routed along the helmet shell to the bulkhead connector. Bulkhead type SMA vs TNC [TO BE CLARIFIED].","electrical","other",1,3.50,3.50,"N/A - connector type pending"
"Kapton Flex Substrate","Polyimide flex laminate, er = 3.5, tan d = 0.002, h = 3.5 mm","Shared substrate carrying both patches. 250 x 445 mm. NOTE: solid 3.5 mm Kapton is not a stock product - realise as thin Kapton layer over flexible foam or silicone spacer. OPEN FABRICATION ITEM.","mechanical","other",1,25.00,25.00,"N/A - flex fab house quote required"
"Underside RF Shield / Ground Plane","Continuous copper plane at Z = 0","Serves as both the patch ground plane and the head-isolation shield required by the SIH26185 problem statement. 250 x 445 mm, no cutouts or voids under either patch. Material and exact geometry [TO BE CLARIFIED].","mechanical","other",1,2.00,2.00,"N/A - part of flex fabrication"
"Polyimide Protective Coverlay","Dupont Pyralux LF0110","Flexible polyimide coverlay protecting feed routing, matching sites and U.FL terminations. MUST NOT cover the radiating patch areas - dielectric loading there detunes both bands.","mechanical","other",1,1.50,1.50,"https://www.dupont.com"
"0402 Inductor Trim Kit","Murata LQW15A series assortment","Assorted 0402 high-Q inductors (Q > 30 at operating frequency) for VNA matching trim. Only fitted if measurement shows the straight-through 0 ohm feed is inadequate.","electrical","other",1,12.00,12.00,"https://www.digikey.com/en/products/filter/fixed-inductors/71"
"0402 Capacitor Trim Kit","Murata GRM1555 / TDK C1005 C0G assortment","Assorted 0402 C0G/NP0 capacitors for VNA matching trim. C0G/NP0 only - no X5R or X7R for RF.","electrical","other",1,12.00,12.00,"https://www.digikey.com/en/products/filter/ceramic-capacitors/60"
"0 Ohm 0402 Jumpers","Yageo RC0402 0 ohm","Series-position jumpers for both matching pad sites, giving a straight-through feed as the starting configuration. Buy a strip, not two.","electrical","other",2,0.03,0.06,"https://www.digikey.com/en/products/filter/chip-resistor-surface-mount/52"
